key,title,company,location,url,match,human_skill_overlap,human_role_fit,human_spam
oracle database administrator - form fremtidens digitale infrastruktur hos norlys|norlys,Oracle Database Administrator - Form fremtidens digitale infrastruktur hos Norlys,Norlys,"Aahus, Sønderborg eller København og mulighed for hjemmearbejde",https://www.jobindex.dk/vis-job/h1699531,72.0,,,
production assistant at bella center copenhagen|bellagroup,Production Assistant at Bella Center Copenhagen,Bellagroup,København,https://www.jobindex.dk/vis-job/r14002142,70.9,,,
senior linux infrastructure engineer|copenhagen atomics,Senior Linux Infrastructure Engineer,Copenhagen Atomics,2770 Kastrup,https://copenhagenatomics.com/job/senior-linux-infrastructure-engineer/,70.5,,,
senior developer|the riskpoint group,Senior Developer,The RiskPoint Group,Copenhagen,https://www.jobindex.dk/vis-job/h1689727,70.5,,,
telco cloud architect|norlys,Telco Cloud Architect,Norlys,Copenhagen or Aarhus,https://www.jobindex.dk/vis-job/h1699346,70.2,,,
finans controller|mt højgaard danmark a/s,Finans Controller,MT Højgaard Danmark A/S,Søborg,https://www.jobindex.dk/vis-job/h1699565,69.8,,,
software specialist — embedded systems &amp; mobile applications|wahl&ross aps,Software Specialist — Embedded Systems &amp; Mobile Applications,WAHL&ROSS ApS,2000 Frederiksberg,https://jobnet.dk/jobannonce/4b4a44e9-1eda-4ca0-83e8-950a2c160774,69.6,,,
studie i læse- og skrivecenteret på kvuc|københavns vuc,Studie i Læse- og Skrivecenteret på KVUC,Københavns VUC,1120 København K,https://www.jobindex.dk/vis-job/r14003988,69.6,,,
junior produktkonsulent til akademikernes a-kasse (studiejob)|akademikernes a-kasse,Junior Produktkonsulent til Akademikernes A-kasse (studiejob),Akademikernes A-kasse,København V og mulighed for hjemmearbejde,https://www.jobindex.dk/vis-job/h1698303,69.5,,,
data- og forretningsspecialist til dataplatform i pet|politiets efterretningstjeneste,Data- og Forretningsspecialist til Dataplatform i PET,Politiets Efterretningstjeneste,Søborg,https://www.jobindex.dk/vis-job/h1698230,69.4,,,
software developer and consultant|daquma,Software Developer and Consultant,DAQUMA,2400 København NV,https://www.daquma.com/careers/software-developer-and-consultant,69.2,,,
student assistant|daiichi sankyo nordics aps,Student Assistant,Daiichi Sankyo Nordics ApS,Copenhagen,https://www.jobindex.dk/vis-job/h1697996,69.1,,,
chef for udlejning og salg af brugerejendomme hos edc poul erik bech i københavn|edc erhverv poul erik bech,Chef for udlejning og salg af brugerejendomme hos EDC Poul Erik Bech i København,EDC Erhverv Poul Erik Bech,1069 København K,https://www.jobindex.dk/vis-job/r14002261,69.1,,,
juniorsælger – needit denmark|needit denmark aps,Juniorsælger – Needit Denmark,Needit Denmark ApS,Hvidovre,https://www.jobindex.dk/vis-job/h1699511,69.0,,,
"procurement associate (three positions), copenhagen, denmark|united nations development programme","Procurement Associate (three positions), Copenhagen, Denmark",United Nations Development Programme,2100 København Ø,https://www.jobindex.dk/vis-job/r14005323,68.6,,,
transformation director - drive the integration programme shaping norlys' future|norlys,Transformation Director - Drive the integration programme shaping Norlys' future,Norlys,København S,https://www.jobindex.dk/vis-job/h1698361,68.5,,,
juniorudviklere til app-team|udviklings- og forenklingsstyrelsen,Juniorudviklere til app-team,Udviklings- og Forenklingsstyrelsen,Frederiksberg,https://www.jobindex.dk/vis-job/h1697522,68.5,,,
operatør|novo nordisk,Operatør,Novo Nordisk,Gentofte,https://www.jobindex.dk/vis-job/r14004636,68.5,,,
"it-sikkerhedsrådgivere til styrelsen for samfundssikkerhed|styrelsen for samfundssikkerhed, østerbro",IT-sikkerhedsrådgivere til Styrelsen for Samfundssikkerhed,"Styrelsen for Samfundssikkerhed, Østerbro",2100 København Ø,https://www.jobindex.dk/vis-job/r14005309,68.5,,,
junior data engineer til rigspolitiets dataplatform|rigspolitiet,Junior data engineer til Rigspolitiets dataplatform,Rigspolitiet,København V,https://www.jobindex.dk/vis-job/h1697964,68.5,,,
revisor med fokus på revision til smv-segmentet|bdo,Revisor med fokus på revision til SMV-segmentet,BDO,København,https://www.jobindex.dk/vis-job/h1699886,68.3,,,
asset engineer/projektleder til teknisk infrastruktur|københavns lufthavne a/s,Asset Engineer/Projektleder til teknisk infrastruktur,Københavns Lufthavne A/S,Kastrup,https://www.jobindex.dk/vis-job/h1699180,68.3,,,
platform engineer hos pet|politiets efterretningstjeneste,Platform Engineer hos PET,Politiets Efterretningstjeneste,Søborg,https://www.jobindex.dk/vis-job/h1697935,68.3,,,
operations partner|dao,Operations Partner,dao,Vejle eller Rødovre,https://www.jobindex.dk/vis-job/h1698955,68.2,,,
byggeteknisk konsulent til udvikling af robuste ppv-planer til boligkontoret danmark|boligkontoret danmark,Byggeteknisk konsulent til udvikling af robuste PPV-planer til Boligkontoret Danmark,Boligkontoret Danmark,København V,https://www.jobindex.dk/vis-job/h1698995,68.2,,,
mekaniker|tcr denmark aps,Mekaniker,TCR Denmark ApS,Kastrup,https://www.jobindex.dk/vis-job/h1698644,68.1,,,
senior backend software engineer|spirii,Senior Backend Software Engineer,Spirii,1050 København K,https://thehub.io/jobs/6a746b21298653ca2c10a0f8,67.9,,,
asset integration engineer|hybrid greentech,Asset Integration Engineer,Hybrid Greentech,2630 Taastrup,https://hybridgreentech.com/asset-integration-engineer,67.8,,,
specialist engineer – system design tools|nov subsea production systems,Specialist Engineer – System Design Tools,NOV Subsea Production Systems,Brøndby,https://www.jobindex.dk/vis-job/h1699022,67.8,,,
senior operations partner|dao,Senior Operations Partner,dao,Vejle eller Rødovre,https://www.jobindex.dk/vis-job/h1698957,67.8,,,
redaktør til dansk metals nyhedsbreve og medlemsmagasin|dansk metal,Redaktør til Dansk Metals nyhedsbreve og medlemsmagasin,Dansk Metal,København SV,https://www.jobindex.dk/vis-job/h1698730,67.8,,,
internship for bachelor of engineering students|netcompany,Internship for Bachelor of Engineering students,Netcompany,1050 København K,https://netcompany.com/job/2017-43-Copenhagen-Aarhus/,67.7,,,
junior consultant - business support for it integrations (student)|dsb,Junior Consultant - Business Support for IT Integrations (Student),DSB,2630 Taastrup,https://dsb.jobs.hr.cloud.sap/job/H%C3%B8je-Taastrup-Junior-Consultant-Business-Support-for-IT-Integrations-(Student)-2630/426-da_DK/?feedId=453133&utm_source=LILimitedListings#content,67.6,,,
student assistant – digital employee experience & adoption|everllence,Student Assistant – Digital Employee Experience & Adoption,Everllence,Copenhagen SV,https://www.jobindex.dk/vis-job/h1698862,67.6,,,
teamchef for udvikling og forretningsejerskab i domstolsstyrelsen|domstolsstyrelsen,Teamchef for Udvikling og Forretningsejerskab i Domstolsstyrelsen,Domstolsstyrelsen,København S,https://www.jobindex.dk/vis-job/h1696940,67.6,,,
cyber security quantification specialist|aci risk measure,Cyber Security Quantification Specialist,ACI Risk Measure,1160 København K,https://www.acirm.dk/en/cyber-security-quantification-specialist/,67.5,,,
piccolo/piccoline til ejendomsudvikler|innovater a/s,Piccolo/Piccoline til ejendomsudvikler,Innovater A/S,Frederiksberg C,https://www.jobindex.dk/vis-job/h1699483,67.5,,,
it-tekniker til tech & innovation|inna danmark a/s,IT-tekniker til Tech & Innovation,INNA Danmark A/S,Valby,https://www.jobindex.dk/vis-job/h1698512,67.4,,,
byggeteknisk projektleder med kendskab til kvalitetsledelse søges til ku byggeri|ku - fa - kbh k,Byggeteknisk projektleder med kendskab til kvalitetsledelse søges til KU Byggeri,KU - FA - Kbh K,1165 København K,https://www.jobindex.dk/vis-job/r14004290,67.4,,,
cost controller & sap coordinator|totalenergies denmark,Cost Controller & SAP Coordinator,TotalEnergies Denmark,Copenhagen,https://www.jobindex.dk/vis-job/h1699659,67.3,,,
applikationsspecialist til tech & innovation|inna danmark a/s,Applikationsspecialist til Tech & Innovation,INNA Danmark A/S,Valby,https://www.jobindex.dk/vis-job/h1698510,67.2,,,
"associate director, ai strategy|novo nordisk","Associate Director, AI Strategy",Novo Nordisk,2860 Søborg,https://www.jobindex.dk/vis-job/r14004643,67.2,,,
servicemedarbejder med overblik og godt humør søges til metal hovedstaden til 20-25 timer pr. uge|metal hovedstaden,Servicemedarbejder med overblik og godt humør søges til Metal Hovedstaden til 20-25 timer pr. uge,Metal Hovedstaden,København V,https://www.jobindex.dk/vis-job/h1698446,67.1,,,
lagermedarbejder/deltid|geodis denmark a/s,Lagermedarbejder/Deltid,GEODIS Denmark A/S,Kastrup,https://www.jobindex.dk/vis-job/h1697915,67.1,,,
senior grc consultant (cyber & information security)|the tech collective,Senior GRC Consultant (Cyber & Information Security),The Tech Collective,2900 Hellerup,https://thetechcollective.eu/job/f1d4b0f2-31e3-4450-ae41-947f88202840/744000141464279,67.0,,,
sektionschef til danmarks smukkeste arbejdsplads i forsvarets personelkommando|personelkommandoen,Sektionschef til Danmarks smukkeste arbejdsplads i Forsvarets Personelkommando,Personelkommandoen,København K,https://www.jobindex.dk/vis-job/h1698675,67.0,,,
bryn stylist|ka retail aps,Bryn Stylist,Ka Retail ApS,København K,https://www.jobindex.dk/vis-job/h1698178,67.0,,,
opstiller|randstad a/s,opstiller,Randstad A/S,København,https://www.jobindex.dk/vis-job/r14002134,67.0,,,
"struktureret, engagerende og resultatskabende teamchef for djøfs medlemsservice og telemarketing|djøf","Struktureret, engagerende og resultatskabende Teamchef for Djøfs Medlemsservice og Telemarketing",Djøf,København K og mulighed for hjemmearbejde,https://www.jobindex.dk/vis-job/h1699916,66.9,,,
ai platform engineer - agentic coding & developer tooling|pfa,AI Platform Engineer - Agentic Coding & Developer Tooling,PFA,København Ø og mulighed for hjemmearbejde,https://www.jobindex.dk/vis-job/h1699477,66.9,,,
hr studentermedhjælper til synoptik|synoptik a/s,HR Studentermedhjælper til Synoptik,Synoptik A/S,Herlev,https://www.jobindex.dk/vis-job/h1699469,66.9,,,
vikariat i matematik på gammel hellerup gymnasium|gammel hellerup gymnasium,Vikariat i matematik på Gammel Hellerup Gymnasium,Gammel Hellerup Gymnasium,2900 Hellerup,https://www.jobindex.dk/vis-job/r14004402,66.9,,,
"teknisk projekt- og byggeleder til kapacitetscenter svanemøllen, etablissement- og terrænkommandoen|forsvaret","Teknisk Projekt- og Byggeleder til Kapacitetscenter Svanemøllen, Etablissement- og Terrænkommandoen",Forsvaret,2100 København Ø,https://www.jobindex.dk/vis-job/r14000044,66.9,,,
"kontorchef til styring - ejendom, klage og trepart i skatte- og vækstministeriets departement|skatte- og vækstministeriet","Kontorchef til Styring - Ejendom, Klage og Trepart i Skatte- og Vækstministeriets departement",Skatte- og Vækstministeriet,København K,https://www.jobindex.dk/vis-job/h1699445,66.8,,,
event medarbejder (deltid)|soroma aps,Event Medarbejder (Deltid),Soroma ApS,,https://www.jobindex.dk/vis-job/h1698659,66.8,,,
butikschef (37 timer) søges til b.young rødovre|b.young,Butikschef (37 timer) søges til b.young Rødovre,b.young,,https://www.jobindex.dk/vis-job/h1698759,66.8,,,
vil du helt tæt på teknikken bag metroens signalsystemer?|metro service a/s,Vil du helt tæt på teknikken bag Metroens signalsystemer?,Metro Service A/S,København SV,https://www.jobindex.dk/vis-job/h1699947,66.7,,,
frederiksbergs mindste institution søger stort pædagoghjerte|frederiksberg kommune,Frederiksbergs mindste institution søger stort pædagoghjerte,Frederiksberg Kommune,Frederiksberg C,https://www.jobindex.dk/vis-job/h1698384,66.6,,,
teknisk teamleder - hvac/cts|coor service management a/s,Teknisk Teamleder - HVAC/CTS,Coor Service Management A/S,København S,https://www.jobindex.dk/vis-job/h1698298,66.6,,,
vil du gøre en forskel for databeskyttelse og informationssikkerhed i københavns politi?|københavns politi,Vil du gøre en forskel for databeskyttelse og informationssikkerhed i Københavns Politi?,Københavns Politi,København V,https://www.jobindex.dk/vis-job/h1699582,66.5,,,
driftstekniker til varmeproduktion|vestforbrænding,Driftstekniker til varmeproduktion,Vestforbrænding,Glostrup,https://www.jobindex.dk/vis-job/h1698913,66.4,,,
it-chef til dab-lejerbo|dab-lejerbo,IT-chef til DAB-Lejerbo,DAB-Lejerbo,Frederiksberg,https://www.jobindex.dk/vis-job/h1698944,66.4,,,
adjunkt til kombinationsstilling til sygeplejerskeuddannelsen og plejehjemmet ingeborggården|københavns professionshøjskole,Adjunkt til kombinationsstilling til sygeplejerskeuddannelsen og plejehjemmet Ingeborggården,Københavns Professionshøjskole,København og Frederiksberg,https://www.jobindex.dk/vis-job/h1698924,66.3,,,
operations transformation manager|danmarks skibskredit a/s,Operations Transformation Manager,Danmarks Skibskredit A/S,København K,https://www.jobindex.dk/vis-job/h1698532,66.3,,,
"kontorchef til klima-, energi- og forsyningsministeriets kontor for samfundsøkonomi og analyse|klima-, energi- og forsyningsministeriet","Kontorchef til Klima-, Energi- og Forsyningsministeriets Kontor for Samfundsøkonomi og Analyse","Klima-, Energi- og Forsyningsministeriet",København K,https://www.jobindex.dk/vis-job/h1697358,66.3,,,
linux system administrator med fokus på drift og udvikling|norlys,Linux System Administrator med fokus på drift og udvikling,Norlys,"Aahus, Sønderborg eller København og mulighed for hjemmearbejde",https://www.jobindex.dk/vis-job/h1699533,66.2,,,
linux system administrator med fokus på identitets- og adgangsstyring|norlys,Linux System Administrator med fokus på identitets- og adgangsstyring,Norlys,"Aahus, Sønderborg eller København",https://www.jobindex.dk/vis-job/h1699528,66.2,,,
teamchef for databeskyttelse og compliance i domstolsstyrelsen|domstolsstyrelsen,Teamchef for Databeskyttelse og Compliance i Domstolsstyrelsen,Domstolsstyrelsen,København S,https://www.jobindex.dk/vis-job/h1696943,66.2,,,
finansbachelor praktikanter|pfa,Finansbachelor praktikanter,PFA,København Ø,https://www.jobindex.dk/vis-job/h1699701,66.1,,,
kommunikationschef i pet|politiets efterretningstjeneste,Kommunikationschef i PET,Politiets Efterretningstjeneste,Søborg,https://www.jobindex.dk/vis-job/h1699590,66.1,,,
nordatlantisk rådgiver til styrelsen for samfundssikkerhed|styrelsen for samfundssikkerhed,Nordatlantisk rådgiver til Styrelsen for Samfundssikkerhed,Styrelsen for Samfundssikkerhed,København Ø,https://www.jobindex.dk/vis-job/h1698231,66.1,,,
"some stud.medhjælper til edc poul erik bech, gentofte|edc poul erik bech","SoMe Stud.Medhjælper til EDC Poul Erik Bech, Gentofte",EDC Poul Erik Bech,2820 Gentofte,https://www.jobindex.dk/vis-job/r14002263,66.1,,,
vil du være med til at udvikle rammerne for et godt arbejdsmiljø på frederiksberg kommunes arbejdspladser? (barselsvikariat)|frederiksberg kommune,Vil du være med til at udvikle rammerne for et godt arbejdsmiljø på Frederiksberg Kommunes arbejdspladser? (barselsvikariat),Frederiksberg Kommune,Frederiksberg,https://www.jobindex.dk/vis-job/h1699219,66.0,,,
børnehuset frederiksvej søger afdelingsleder|frederiksberg kommune,Børnehuset Frederiksvej søger afdelingsleder,Frederiksberg Kommune,Frederiksberg,https://www.jobindex.dk/vis-job/h1698328,66.0,,,
rengøringsassistent søges til klinik 8 tmer om ugen|cp65 speciallæge claus lindkær,Rengøringsassistent søges til klinik 8 tmer om ugen,CP65 Speciallæge Claus Lindkær,1573 København V,https://www.jobindex.dk/vis-job/r14005675,66.0,,,
we are looking for indian chef at indian aroma aps|indian aroma aps,We are looking for Indian chef at Indian aroma aps,Indian Aroma ApS,2880 Bagsværd,https://www.jobindex.dk/vis-job/r14003910,66.0,,,
studentermedhjælp til administrative opgaver på rytmisk musikkonservatorium|rytmisk musikkonservatorium,Studentermedhjælp til administrative opgaver på Rytmisk Musikkonservatorium,Rytmisk Musikkonservatorium,1437 København K,https://www.jobindex.dk/vis-job/r14004466,66.0,,,
"chefkonsulent, organisationsudvikling til foreningen af speciallæger (fas)|foreningen af speciallæger","Chefkonsulent, organisationsudvikling til Foreningen af Speciallæger (FAS)",Foreningen af Speciallæger,København Ø,https://www.jobindex.dk/vis-job/h1699260,65.8,,,
maritim planlægger til planlægningssektionen (j5) ved arktisk kommando i københavn|forsvaret,Maritim planlægger til Planlægningssektionen (J5) ved Arktisk Kommando i København,Forsvaret,København Ø,https://www.jobindex.dk/vis-job/h1697565,65.8,,,
pieces lyngby - store manager|pieces,PIECES Lyngby - Store Manager,PIECES,Kongens Lyngby,https://www.jobindex.dk/vis-job/h1698071,65.8,,,
service manager at spejlblank rengøring – full-time|spejlblank rengøring aps,Service Manager at Spejlblank Rengøring – Full-time,Spejlblank Rengøring ApS,2720 Vanløse,https://www.jobindex.dk/vis-job/r14004050,65.8,,,
sundheds- og kirkeministeriet søger departementschef|sundheds- og kirkeministeriet,Sundheds- og Kirkeministeriet søger departementschef,Sundheds- og Kirkeministeriet,1057 København K,https://www.jobindex.dk/vis-job/r14005310,65.8,,,
deputy store manager|change of scandinavia a/s,Deputy Store Manager,CHANGE of Scandinavia A/S,København S,https://www.jobindex.dk/vis-job/h1699549,65.7,,,
det kgl. bibliotek søger license manager med stærke procesevner og kommunikationserfaring|det kgl. bibliotek,Det Kgl. Bibliotek søger License Manager med stærke procesevner og kommunikationserfaring,Det Kgl. Bibliotek,København N,https://www.jobindex.dk/vis-job/h1699139,65.7,,,
beauty advisor for loewe fragrances|sæther nordic a/s,Beauty Advisor for Loewe Fragrances,Sæther Nordic A/S,Copenhagen,https://www.jobindex.dk/vis-job/h1698742,65.7,,,
teamleder/salgskoordinator til fyns kran udstyr på avedøre holme|fyns kran udstyr a/s,Teamleder/salgskoordinator til Fyns Kran Udstyr på Avedøre Holme,Fyns Kran Udstyr A/S,Hvidovre,https://www.jobindex.dk/vis-job/h1698309,65.7,,,
deputy store manager til jysk lyngby|jysk,Deputy Store Manager til JYSK Lyngby,JYSK,Kongens Lyngby,https://www.jobindex.dk/vis-job/h1698082,65.7,,,
studentermedhjælper – operations & ai|danmarks skibskredit a/s,Studentermedhjælper – Operations & AI,Danmarks Skibskredit A/S,København K,https://www.jobindex.dk/vis-job/h1698412,65.6,,,
kursusrådgiver til udvikling og administration af kursusudbuddet i styrelsen for samfundssikkerhed|styrelsen for samfundssikkerhed,Kursusrådgiver til udvikling og administration af kursusudbuddet i Styrelsen for Samfundssikkerhed,Styrelsen for Samfundssikkerhed,København Ø,https://www.jobindex.dk/vis-job/h1698217,65.6,,,
project planner in civil & infrastructure in copenhagen|mt højgaard danmark a/s,Project Planner in Civil & Infrastructure in Copenhagen,MT Højgaard Danmark A/S,Søborg or Copenhagen,https://www.jobindex.dk/vis-job/h1689941,65.6,,,
børnehavepædagog søges til åkanden i charlottenlund|gentofte kommune,Børnehavepædagog søges til Åkanden i Charlottenlund,Gentofte Kommune,Charlottenlund,https://www.jobindex.dk/vis-job/h1698848,65.6,,,
finansiel rådgiver til lån & spar i valby|lån & spar bank,Finansiel rådgiver til Lån & Spar i Valby,Lån & Spar Bank,Valby,https://www.jobindex.dk/vis-job/h1689084,65.6,,,
fx pricing devops|danske bank,FX Pricing DevOps,Danske Bank,1577 København V,https://ejqi.fa.ocs.oraclecloud.eu/hcmUI/CandidateExperience/en/sites/CX_1001/job/24703,65.5,,,
ai architect|kpmg,AI Architect,KPMG,2100 København Ø,https://candidate.hr-manager.net/ApplicationInit.aspx?cid=1762&ProjectId=144508&DepartmentId=19006&MediaId=5&SkipAdvertisement=False,65.5,,,
adjunkt/lektor i pædagogik og didaktik til praksisorienteret videreuddannelse på grundskoleområdet|københavns professionshøjskole,Adjunkt/lektor i pædagogik og didaktik til praksisorienteret videreuddannelse på grundskoleområdet,Københavns Professionshøjskole,København N,https://www.jobindex.dk/vis-job/h1698544,65.5,,,
"salgsassistent til morgenarbejde hos q8 charlottenlund, 5 timer|q8 danmark a/s","Salgsassistent til morgenarbejde hos Q8 Charlottenlund, 5 timer",Q8 Danmark A/S,Charlottenlund,https://www.jobindex.dk/vis-job/h1699537,65.4,,,
.net-udvikler til product engineering|danske spil a/s,.NET-udvikler til Product Engineering,Danske Spil A/S,Brøndby,https://www.jobindex.dk/vis-job/h1699369,65.4,,,
"sundhedskonsulent, som vil understøtte sunde og gode liv for borgerne på frederiksberg (barselsvikariat)|frederiksberg kommune","Sundhedskonsulent, som vil understøtte sunde og gode liv for borgerne på Frederiksberg (barselsvikariat)",Frederiksberg Kommune,Frederiksberg,https://www.jobindex.dk/vis-job/h1699222,65.4,,,
financial controller|velux fonden og villum fonden,Financial Controller,VELUX FONDEN og VILLUM FONDEN,Søborg,https://www.jobindex.dk/vis-job/h1698853,65.4,,,
product manager til digitale services|jyske bank,Product Manager til Digitale services,Jyske Bank,Silkeborg eller København V,https://www.jobindex.dk/vis-job/h1698604,65.4,,,
kok|jespers torvekøkken aps,Kok,Jespers Torvekøkken ApS,København NV,https://www.jobindex.dk/vis-job/h1698505,65.4,,,
"tekniker til am lab – additiv fremstilling - dtu construct|dtu, danmarks tekniske universitet",Tekniker til AM Lab – Additiv Fremstilling - DTU Construct,"DTU, Danmarks Tekniske Universitet",Kongens Lyngby,https://www.jobindex.dk/vis-job/h1698053,65.4,,,
administrative medarbejdere til part 21-området i trafikstyrelsen|trafikstyrelsen,Administrative medarbejdere til Part 21-området i Trafikstyrelsen,Trafikstyrelsen,København V og mulighed for hjemmearbejde,https://www.jobindex.dk/vis-job/h1699379,65.3,,,
servicemedarbejder|dsb,Servicemedarbejder,DSB,København K,https://www.jobindex.dk/vis-job/h1699465,65.3,,,
souschef - hellerup|netto,Souschef - Hellerup,Netto,Hellerup,https://www.jobindex.dk/vis-job/h1699351,65.3,,,
er du vores nye sælger hos garant valby?|garant valby,Er du vores nye sælger hos Garant Valby?,Garant Valby,Valby,https://www.jobindex.dk/vis-job/h1690535,65.3,,,
udviklingschefer til digital sundhed danmark|sundhed.dk,Udviklingschefer til Digital Sundhed Danmark,Sundhed.dk,København Ø,https://www.jobindex.dk/vis-job/h1698613,65.3,,,
vicerektor til niels brocks handelsgymnasium nvg|niels brock,Vicerektor til Niels Brocks Handelsgymnasium NVG,Niels Brock,København K,https://www.jobindex.dk/vis-job/h1698348,65.3,,,
hjælper søges til mand med sklerose i gentofte|duos a/s,Hjælper søges til mand med sklerose i Gentofte,DUOS A/S,2820 Gentofte,https://www.jobindex.dk/vis-job/r14004328,65.3,,,
studentermedhjælper til exopi consulting|ex-opi consulting aps,Studentermedhjælper til ExOpi Consulting,Ex-Opi Consulting ApS,2800 Kgs. Lyngby,https://www.jobindex.dk/vis-job/r14004283,65.3,,,
postdoc in neural circuits of sensorimotor control|ku - sund - panum kbh n,Postdoc in Neural Circuits of Sensorimotor Control,KU - SUND - PANUM KBH N,2200 København N,https://www.jobindex.dk/vis-job/r14004443,65.3,,,
assistance o. 18 år|jem & fix,Assistance o. 18 år,jem & fix,Frederiksberg,https://www.jobindex.dk/vis-job/r14001665,65.3,,,
studentermedhjælper til asset systems & data i hofor vind og sol|hofor,Studentermedhjælper til Asset Systems & Data i HOFOR Vind og Sol,HOFOR,København S,https://www.jobindex.dk/vis-job/h1699632,65.2,,,
danske rederier søger praktikant i bruxelles til foråret 2027|danske rederier,Danske Rederier søger praktikant i Bruxelles til foråret 2027,Danske Rederier,København K,https://www.jobindex.dk/vis-job/h1699273,65.2,,,
"produktionschef til hercules fundering, en del af ncc|ncc danmark","Produktionschef til Hercules Fundering, en del af NCC",NCC Danmark,Søborg,https://www.jobindex.dk/vis-job/h1682114,65.2,,,
senior resource planner|canon danmark,Senior Resource Planner,Canon Danmark,Søborg,https://www.jobindex.dk/vis-job/h1697432,65.2,,,
"økonomikonsulent med fokus på bogholderi, digitalisering og smartere processer|akademikernes a-kasse","Økonomikonsulent med fokus på bogholderi, digitalisering og smartere processer",Akademikernes A-kasse,København V og mulighed for hjemmearbejde,https://www.jobindex.dk/vis-job/h1699341,65.1,,,
"chauffør, fuldtid, scandic cph strandpark|scandic hotel a/s","Chauffør, fuldtid, Scandic CPH Strandpark",Scandic Hotel A/S,Kastrup,https://www.jobindex.dk/vis-job/h1699293,65.1,,,
laboratory trainee|zealand pharma a/s,Laboratory Trainee,Zealand Pharma A/S,Søborg,https://www.jobindex.dk/vis-job/h1697995,65.1,,,
personvognsmekaniker|tesla,Personvognsmekaniker,Tesla,,https://www.jobindex.dk/vis-job/h1698827,65.0,,,
senior risikoanalytiker til non-financial risk – vær med til at udvikle risikostyringen i privat & wealth management|jyske bank,Senior Risikoanalytiker til Non-Financial Risk – Vær med til at udvikle risikostyringen i Privat & Wealth Management,Jyske Bank,Silkeborg eller København V,https://www.jobindex.dk/vis-job/h1698660,65.0,,,
praktikant til bruxelles-kontoret|danmarks rederier,Praktikant til Bruxelles-kontoret,Danmarks Rederier,2500 Valby,https://www.jobindex.dk/vis-job/r14005619,65.0,,,
kultur- og idrætsmedarbejder til det gode værtskab i grøndal multicenter|københavns kommune,Kultur- og idrætsmedarbejder til det gode værtskab i Grøndal MultiCenter,Københavns Kommune,2720 Vanløse,https://www.jobindex.dk/vis-job/r14000054,65.0,,,
projektleder med digital profil – vær med til at udvikle fremtidens databaserede busdrift|trafikselskabet movia,Projektleder med digital profil – vær med til at udvikle fremtidens databaserede busdrift,Trafikselskabet Movia,Valby,https://www.jobindex.dk/vis-job/h1699209,64.9,,,
seniorjurist til kundejura|ap pension,Seniorjurist til Kundejura,AP Pension,Nordhavn,https://www.jobindex.dk/vis-job/h1698808,64.9,,,
økonomiassistent|ap pension,Økonomiassistent,AP Pension,Nordhavn,https://www.jobindex.dk/vis-job/h1698825,64.9,,,
"product owner, customer & commercial data - aarhus el. kbh|norlys","Product Owner, Customer & Commercial Data - Aarhus el. Kbh",Norlys,,https://www.jobindex.dk/vis-job/h1698771,64.9,,,
meyers madhus søger en kombineret projektleder og klinisk diætist|meyers a/s,Meyers Madhus søger en kombineret projektleder og klinisk diætist,Meyers A/S,København N,https://www.jobindex.dk/vis-job/h1698288,64.9,,,
digital workplace and it support lead|gubra,Digital Workplace and IT Support Lead,Gubra,2970 Hørsholm,https://talent-hub.life-science-talent-solutions.dk/jobs/655526879-digital-workplace-and-it-support-lead,64.8,,,
studentermedhjælpere til skatteankestyrelsen i københavn|skatteankestyrelsen,Studentermedhjælpere til Skatteankestyrelsen i København,Skatteankestyrelsen,København V,https://www.jobindex.dk/vis-job/h1698524,64.8,,,
iss søger receptionist til offentlig kunde i ørestaden|iss facility services a/s,ISS søger receptionist til offentlig kunde i Ørestaden,ISS Facility Services A/S,,https://www.jobindex.dk/vis-job/h1697854,64.8,,,
løsningsorienteret tekniker til civil works på hovedstadens letbane|metro service a/s,Løsningsorienteret tekniker til Civil Works på Hovedstadens Letbane,Metro Service A/S,Glostrup,https://www.jobindex.dk/vis-job/h1699591,64.7,,,
servicerådgiver til semler mobility i valby|semler gruppen,Servicerådgiver til Semler Mobility i Valby,Semler Gruppen,København SV,https://www.jobindex.dk/vis-job/h1699035,64.7,,,
ude-/bevægelsespædagog 34 timer|hvidovre kommune,Ude-/bevægelsespædagog 34 timer,Hvidovre Kommune,Hvidovre,https://www.jobindex.dk/vis-job/h1698774,64.7,,,
communications manager|krumhardt matzen,Communications Manager,Krumhardt Matzen,Copenhagen,https://www.jobindex.dk/vis-job/h1698767,64.7,,,
projektleder til service og entrepriser|personale-huset aps,Projektleder til service og entrepriser,Personale-huset ApS,,https://www.jobindex.dk/vis-job/h1698050,64.7,,,
senior security engineer|gubra,Senior Security Engineer,Gubra,2970 Hørsholm,https://career.gubra.dk/ad/senior-security-engineer/rs1rv0,64.6,,,
erfaren miljøspecialist til hofors største spildevandsprojekter|hofor,Erfaren miljøspecialist til HOFORs største spildevandsprojekter,HOFOR,København S,https://www.jobindex.dk/vis-job/h1699629,64.6,,,
assisterende teamleder til medlemsrådgivning|pensiondanmark,Assisterende teamleder til Medlemsrådgivning,PensionDanmark,København Ø,https://www.jobindex.dk/vis-job/h1698978,64.6,,,
skadebehandler til ulykkeskade med tandfaglig baggrund|lb forsikring,Skadebehandler til Ulykkeskade med tandfaglig baggrund,LB Forsikring,København Ø og mulighed for hjemmearbejde,https://www.jobindex.dk/vis-job/h1698664,64.6,,,
cfo med blik for digitale løsninger|dignity – danish institute against torture,CFO med blik for digitale løsninger,DIGNITY – Danish Institute Against Torture,København Ø,https://www.jobindex.dk/vis-job/h1698497,64.6,,,
finansiel rådgiver til lån & spar østerbro|lån & spar bank,Finansiel rådgiver til Lån & Spar Østerbro,Lån & Spar Bank,,https://www.jobindex.dk/vis-job/h1690156,64.6,,,
sektionsleder til it porteføljestyring i pet|politiets efterretningstjeneste,Sektionsleder til IT Porteføljestyring i PET,Politiets Efterretningstjeneste,Søborg,https://www.jobindex.dk/vis-job/h1698433,64.6,,,
sikkerhedskoordinator til koordinering og overholdelse af jernbanens sikkerhedsregler|banedanmark,Sikkerhedskoordinator til koordinering og overholdelse af jernbanens sikkerhedsregler,Banedanmark,København V og Fredericia,https://www.jobindex.dk/vis-job/h1697500,64.6,,,
"senior system consultant, system services, netcompany banking services|netcompany","Senior System Consultant, System Services, Netcompany Banking services",Netcompany,1401 København K,https://netcompany.com/job/REF5763D-Copenhagen-Aarhus-or-Aalborg/,64.5,,,
sygeplejerske til primært dagvagt i frederiksberg hjemmesygepleje – brug hele din faglighed tæt på borgeren|frederiksberg kommune,Sygeplejerske til primært dagvagt i Frederiksberg Hjemmesygepleje – brug hele din faglighed tæt på borgeren,Frederiksberg Kommune,Frederiksberg,https://www.jobindex.dk/vis-job/h1699368,64.5,,,
driftskoordinator til kundecenterdrift- og udvikling|alm. brand group,Driftskoordinator til Kundecenterdrift- og udvikling,Alm. Brand Group,København Ø og Frederiksberg C samt mulighed for hjemmearbejde,https://www.jobindex.dk/vis-job/h1699399,64.5,,,
ios-udvikler til product engineering|danske spil a/s,iOS-udvikler til Product Engineering,Danske Spil A/S,Brøndby,https://www.jobindex.dk/vis-job/h1699374,64.5,,,
asset engineer til belægninger/afmærkninger|københavns lufthavne a/s,Asset Engineer til belægninger/afmærkninger,Københavns Lufthavne A/S,Kastrup,https://www.jobindex.dk/vis-job/h1699175,64.5,,,
f&b supervisor|admiral hotel copenhagen,F&B Supervisor,Admiral Hotel Copenhagen,Copenhagen,https://www.jobindex.dk/vis-job/h1699020,64.5,,,
"teknisk servicemedarbejder til kedelhallen.|frederiksberg idræt, fiu",Teknisk servicemedarbejder til Kedelhallen.,"Frederiksberg Idræt, FIU",Frederiksberg,https://www.jobindex.dk/vis-job/h1698247,64.5,,,
finanstilsynet søger aktuar til tilsynet med pensionskasserne|finanstilsynet,Finanstilsynet søger aktuar til tilsynet med pensionskasserne,Finanstilsynet,København K,https://www.jobindex.dk/vis-job/h1697428,64.5,,,
social- og sundhedsfaglige medarbejdere til botilbuddet boserupvej – bliv en del af aftenteamet|københavns kommune,Social- og sundhedsfaglige medarbejdere til Botilbuddet Boserupvej – bliv en del af aftenteamet,Københavns Kommune,København,https://www.jobindex.dk/vis-job/r14000061,64.5,,,
operatør til heraeus covantics (aften/nat)|heraeus covantics denmark aps,Operatør til Heraeus Covantics (aften/nat),Heraeus Covantics Denmark ApS,Brøndby,https://www.jobindex.dk/vis-job/h1699251,64.4,,,
finance accountant med solid økonomisk værktøjskasse til et af danmarks største advokathuse|kromann reumert,Finance Accountant med solid økonomisk værktøjskasse til et af Danmarks største advokathuse,Kromann Reumert,København Ø,https://www.jobindex.dk/vis-job/h1699287,64.4,,,
it support - studentermedhjælper|norconsult danmark a/s,IT Support - studentermedhjælper,Norconsult Danmark A/S,Herlev,https://www.jobindex.dk/vis-job/h1699124,64.4,,,
"mekaniker, lastvognsmekaniker eller smed søges til alsidig stilling i glostrup|hcs a/s transport & spedition","Mekaniker, lastvognsmekaniker eller smed søges til alsidig stilling i Glostrup",HCS A/S Transport & Spedition,2600 Glostrup,https://www.jobindex.dk/vis-job/r14003070,64.4,,,
studentermedhjælper til biblioteket frederiksberg – 8 timer om ugen|frederiksberg kommune,Studentermedhjælper til Biblioteket Frederiksberg – 8 timer om ugen,Frederiksberg Kommune,Frederiksberg,https://www.jobindex.dk/vis-job/h1699986,64.3,,,
generalist til rollen som projektkonsulent på data- og analyseområdet|udviklings- og forenklingsstyrelsen,Generalist til rollen som projektkonsulent på data- og analyseområdet,Udviklings- og Forenklingsstyrelsen,Frederiksberg,https://www.jobindex.dk/vis-job/h1698627,64.3,,,
"compliance controller med sans for struktur, samarbejde og kvalitet|poul schmith/kammeradvokaten","Compliance Controller med sans for struktur, samarbejde og kvalitet",Poul Schmith/Kammeradvokaten,København V,https://www.jobindex.dk/vis-job/h1698662,64.3,,,
midlertidig produktionsmedarbejder til postnord danmark i brøndby - nat|postnord danmark,Midlertidig produktionsmedarbejder til PostNord Danmark i Brøndby - nat,PostNord Danmark,,https://www.jobindex.dk/vis-job/h1698585,64.3,,,
er du rundetaarns nye astronomiformidler?|rundetaarn,Er du Rundetaarns nye astronomiformidler?,Rundetaarn,København K,https://www.jobindex.dk/vis-job/h1695969,64.3,,,
student assistant in the administration of volt research center|ku - science - bio,Student assistant in the administration of VOLT Research Center,KU - SCIENCE - BIO,2100 København Ø,https://www.jobindex.dk/vis-job/r14003980,64.3,,,
sælger|name it,Sælger,name it,København S,https://www.jobindex.dk/vis-job/h1697837,64.3,,,
portfolio architect|basware,Portfolio Architect,Basware,2000 Frederiksberg,https://dk.linkedin.com/jobs/view/portfolio-architect-at-basware-4429346001?refId=wXTMYeDd5xWtnVP4xMBszw%3D%3D&trackingId=jl0VRV%2BfhS5BBoqluE7OvA%3D%3D,64.2,,,
chefkonsulent med ansvar for ledelsesudvikling|hofor,Chefkonsulent med ansvar for ledelsesudvikling,HOFOR,København S,https://www.jobindex.dk/vis-job/h1699930,64.2,,,
business controller til mpya københavn|mpya finance,Business Controller til Mpya København,Mpya Finance,København Ø,https://www.jobindex.dk/vis-job/h1699862,64.2,,,
digital risk manager til pensiondanmark|pensiondanmark,Digital Risk Manager til PensionDanmark,PensionDanmark,København Ø,https://www.jobindex.dk/vis-job/h1699079,64.2,,,
tysklærer|behandlingsskolerne aps,Tysklærer,Behandlingsskolerne ApS,Rødovre,https://www.jobindex.dk/vis-job/h1698923,64.2,,,
salgsrådgiver til synoptik amagercentret|synoptik a/s,Salgsrådgiver til Synoptik Amagercentret,Synoptik A/S,København S,https://www.jobindex.dk/vis-job/h1698914,64.2,,,
dsb søger medarbejdere til uddannelse som lokomotivførere b til fjern- og regionaltog øst|dsb,DSB søger medarbejdere til uddannelse som Lokomotivførere B til Fjern- og Regionaltog Øst,DSB,"København, Kalundborg, Næstved eller Helsingør",https://www.jobindex.dk/vis-job/h1698396,64.2,,,
"talstærk student til analyser af arbejdsmarked, uddannelse og økonomi|akademikerne","Talstærk student til analyser af arbejdsmarked, uddannelse og økonomi",Akademikerne,1264 København K,https://www.jobindex.dk/vis-job/r14005276,64.2,,,
inkluderende børnekulturformidler til skoleområdet|brøndby kommune,Inkluderende børnekulturformidler til skoleområdet,Brøndby Kommune,2605 Brøndby,https://www.jobindex.dk/vis-job/r14005505,64.2,,,
senior software engineer - connect|formalize,Senior Software Engineer - Connect,Formalize,København,https://www.jobindex.dk/vis-job/r14005382,64.2,,,
volunteer for tech & automation|itu student council,Volunteer for Tech & Automation,ITU Student Council,København,https://www.jobindex.dk/vis-job/r14005384,64.2,,,
to psykologer til børnehus hovedstaden i hillerød – vi udvider vores psykologfaglige team|københavns kommune,To psykologer til Børnehus Hovedstaden i Hillerød – vi udvider vores psykologfaglige team,Københavns Kommune,København,https://www.jobindex.dk/vis-job/r14000062,64.2,,,
internship – software developer for defence (cph)|systematic a/s,Internship – Software Developer for Defence (CPH),Systematic A/S,1358 København K,https://jobs.systematic.com/job/Copenhagen-K-Internship-Junior-Software-Developer-%28CPH%29-1358/1433366833/,64.1,,,
business analyst|north consulting,Business Analyst,North Consulting,1160 København K,https://www.north.consulting/position-business-analyst,64.1,,,
early engagement engineer|nov subsea production systems,Early Engagement Engineer,NOV Subsea Production Systems,Brøndby,https://www.jobindex.dk/vis-job/h1691415,64.1,,,
bliv opsøgende rådgiver i nykredit/spar nord - og vær med til at opbygge forenet vækst|nykredit,Bliv opsøgende rådgiver i Nykredit/Spar Nord - og vær med til at opbygge Forenet Vækst,Nykredit,København,https://www.jobindex.dk/vis-job/h1699663,64.1,,,
supervisor søges til dagholdet til nomecos lager i sydhavnen|nomeco a/s,Supervisor søges til dagholdet til Nomecos lager i Sydhavnen,Nomeco A/S,København SV,https://www.jobindex.dk/vis-job/h1699460,64.1,,,
it-sikkerhedsansvarlig til akademikernes a-kasse|akademikernes a-kasse,IT-sikkerhedsansvarlig til Akademikernes A-kasse,Akademikernes A-kasse,København V,https://www.jobindex.dk/vis-job/h1698934,64.1,,,
handy servicemedarbejder|edora a/s,Handy servicemedarbejder,Edora A/S,Charlottenlund,https://www.jobindex.dk/vis-job/h1698351,64.1,,,
to undervisere i demens med sundhedsfaglig baggrund til sosu h|sosu h herlev,To undervisere i demens med sundhedsfaglig baggrund til SOSU H,SOSU H Herlev,2730 Herlev,https://www.jobindex.dk/vis-job/r14003830,64.1,,,
"data analysis consultant, copenhagen|unicef","Data Analysis Consultant, Copenhagen",UNICEF,2100 København Ø,https://www.jobindex.dk/vis-job/r14005324,64.1,,,
accountant at mb shipbrokers - maternity cover|mb shipbrokers a/s,Accountant at MB Shipbrokers - Maternity Cover,MB Shipbrokers A/S,Copenhagen,https://www.jobindex.dk/vis-job/h1697934,64.1,,,
"seniorspecialist, brand|jyske bank","Seniorspecialist, Brand",Jyske Bank,Silkeborg eller København V,https://www.jobindex.dk/vis-job/h1697146,64.1,,,
"juniorudviklere til app-team|skatteforvaltningen, frederiksberg ohv",Juniorudviklere til app-team,"Skatteforvaltningen, Frederiksberg OHV",2000 Frederiksberg,https://jobnet.dk/jobannonce/15fc73fa-7848-4862-8bb2-85adc3d05f7e,64.0,,,
"platform engineer til udvikling og drift af kubernetes-løsning|skatteforvaltningen, frederiksberg ohv",Platform Engineer til udvikling og drift af Kubernetes-løsning,"Skatteforvaltningen, Frederiksberg OHV",2000 Frederiksberg,https://jobnet.dk/jobannonce/875e3854-acb9-46c7-8a75-4333086d5caa,64.0,,,
risikoanalytiker til modelrisiko og validering|jyske bank,Risikoanalytiker til Modelrisiko og Validering,Jyske Bank,Silkeborg eller København,https://www.jobindex.dk/vis-job/h1699759,64.0,,,
"uw assistent til landbrug, motor og transportforsikring|alm. brand group","UW Assistent til Landbrug, Motor og Transportforsikring",Alm. Brand Group,København Ø og mulighed for hjemmearbejde,https://www.jobindex.dk/vis-job/h1699674,64.0,,,
kickstart din lederrejse i vores butik i field's - assisting shop manager|norlys,Kickstart din lederrejse i vores butik i Field's - Assisting Shop Manager,Norlys,København S,https://www.jobindex.dk/vis-job/h1699395,64.0,,,
er du social- og sundhedsassistent? find dit næste job blandt 39 plejehjem i københavns kommune|københavns kommune,Er du social- og sundhedsassistent? Find dit næste job blandt 39 plejehjem i Københavns Kommune,Københavns Kommune,,https://www.jobindex.dk/vis-job/h1699106,64.0,,,
join summ – excellence in everything we do|summ aps,Join Summ – Excellence in Everything We Do,Summ ApS,København SV,https://www.jobindex.dk/vis-job/h1683389,64.0,,,
kontorfunktionær til uddannelsesteamet|domstolsstyrelsen,Kontorfunktionær til uddannelsesteamet,Domstolsstyrelsen,København S,https://www.jobindex.dk/vis-job/h1698775,64.0,,,
serviceminded studentermedhjælper til kursusteamet|dansk erhverv,Serviceminded studentermedhjælper til Kursusteamet,Dansk Erhverv,1215 København K,https://www.jobindex.dk/vis-job/r14005278,64.0,,,
er du god til at skabe overblik og få ting til at ske? bliv sekretariatsmedarbejder i fsb|fsb,Er du god til at skabe overblik og få ting til at ske? Bliv sekretariatsmedarbejder i fsb,fsb,København V,https://www.jobindex.dk/vis-job/h1699779,63.9,,,
servicekoordinator|domea.dk,Servicekoordinator,Domea.dk,Valby,https://www.jobindex.dk/vis-job/h1699380,63.9,,,
"teamleder med gennemslagskraft, strategisk blik og flair for økonomi|danske regioner","Teamleder med gennemslagskraft, strategisk blik og flair for økonomi",Danske Regioner,København Ø,https://www.jobindex.dk/vis-job/h1698347,63.9,,,
"køkkenchef / head chef, scandic sluseholmen|scandic hotel a/s","Køkkenchef / Head Chef, Scandic Sluseholmen",Scandic Hotel A/S,København SV,https://www.jobindex.dk/vis-job/h1698617,63.9,,,
